/*
SQLyog Ultimate v12.5.1 (64 bit)
MySQL - 5.6.50-log : Database - heroku_c0bdc15965be352
*********************************************************************
*/

/*!40101 SET NAMES utf8 */;

/*!40101 SET SQL_MODE=''*/;

/*!40014 SET @OLD_UNIQUE_CHECKS=@@UNIQUE_CHECKS, UNIQUE_CHECKS=0 */;
/*!40014 SET @OLD_FOREIGN_KEY_CHECKS=@@FOREIGN_KEY_CHECKS, FOREIGN_KEY_CHECKS=0 */;
/*!40101 SET @OLD_SQL_MODE=@@SQL_MODE, SQL_MODE='NO_AUTO_VALUE_ON_ZERO' */;
/*!40111 SET @OLD_SQL_NOTES=@@SQL_NOTES, SQL_NOTES=0 */;
CREATE DATABASE /*!32312 IF NOT EXISTS*/`heroku_c0bdc15965be352` /*!40100 DEFAULT CHARACTER SET utf8 */;

USE `heroku_c0bdc15965be352`;

/*Table structure for table `tb_detail_presensi` */

DROP TABLE IF EXISTS `tb_detail_presensi`;

CREATE TABLE `tb_detail_presensi` (
  `id` int(10) unsigned NOT NULL AUTO_INCREMENT,
  `presensi_id` bigint(20) unsigned DEFAULT NULL,
  `is_hadir` tinyint(1) DEFAULT '0',
  `nomor_cacah_krama_mipil` char(18) DEFAULT NULL,
  `created_at` datetime DEFAULT NULL,
  `updated_at` datetime DEFAULT NULL,
  `deleted_at` datetime DEFAULT NULL,
  PRIMARY KEY (`id`),
  KEY `presensi_id` (`presensi_id`),
  CONSTRAINT `tb_detail_presensi_ibfk_1` FOREIGN KEY (`presensi_id`) REFERENCES `tb_presensi` (`id`)
) ENGINE=InnoDB AUTO_INCREMENT=2544 DEFAULT CHARSET=utf8mb4;

/*Data for the table `tb_detail_presensi` */

insert  into `tb_detail_presensi`(`id`,`presensi_id`,`is_hadir`,`nomor_cacah_krama_mipil`,`created_at`,`updated_at`,`deleted_at`) values 
(71,8,1,'03080301311275001','2022-07-03 09:38:42','2022-07-14 04:26:39',NULL),
(72,8,1,'03080301311278001','2022-07-03 09:38:42','2022-07-14 04:26:29',NULL),
(73,9,0,'03080301311275001','2022-07-03 10:55:29','2022-07-03 10:55:29',NULL),
(74,8,1,'03080301311278002','2022-07-03 10:55:29','2022-07-19 14:42:55',NULL),
(94,14,1,'03080301311275001','2022-07-13 09:33:04','2022-07-14 03:37:51',NULL),
(104,14,1,'03080301131000001','2022-07-13 09:33:04','2022-07-14 03:41:25',NULL),
(114,14,0,'03080301311278002','2022-07-13 18:57:56','2022-07-14 03:39:33',NULL),
(124,24,1,'03080301311275001','2022-07-15 06:44:56','2022-07-15 06:48:49',NULL),
(134,24,0,'03080301311278001','2022-07-15 06:44:56','2022-07-15 06:49:16',NULL),
(154,34,1,'03080301311278002','2022-07-26 05:19:15','2022-07-26 05:26:51',NULL),
(164,34,1,'03080301131000001','2022-07-26 05:19:15','2022-07-26 05:27:23',NULL),
(174,44,1,'03080301311275001','2022-07-26 05:20:28','2022-07-26 05:27:43',NULL),
(184,44,1,'03080301311278001','2022-07-26 05:20:28','2022-07-26 05:26:05',NULL),
(194,54,1,'03080301311275001','2022-07-26 09:50:33','2022-07-26 09:52:15',NULL),
(204,54,1,'03080301311278001','2022-07-26 09:50:33','2022-07-26 09:52:43',NULL),
(214,64,1,'03080301311275001','2022-07-26 10:27:16','2022-07-27 02:02:11',NULL),
(224,64,1,'03080301311278001','2022-07-26 10:27:16','2022-07-27 02:02:28',NULL),
(234,74,0,'03080301311278001','2022-07-26 11:11:37','2022-07-27 03:56:13',NULL),
(244,84,1,'03080301311275001','2022-07-27 05:19:21','2022-07-27 05:26:23',NULL),
(254,84,1,'03080301311278001','2022-07-27 05:19:21','2022-07-27 05:22:36',NULL),
(914,104,0,'03080301311275001','2022-07-28 11:01:38','2022-07-28 11:01:38',NULL),
(924,104,0,'03080301311278001','2022-07-28 11:01:38','2022-07-28 11:01:38',NULL),
(934,104,0,'03080301131000001','2022-07-28 11:01:38','2022-07-28 11:01:38',NULL),
(944,104,0,'03080301140902001','2022-07-28 11:01:38','2022-07-28 11:01:38',NULL),
(954,104,0,'03080301311280001','2022-07-28 11:01:38','2022-07-28 11:01:38',NULL),
(964,104,0,'03080301160410001','2022-07-28 11:01:38','2022-07-28 11:01:38',NULL),
(974,104,0,'03080301311278002','2022-07-28 11:01:38','2022-07-28 11:01:38',NULL),
(984,104,0,'03080301140780001','2022-07-28 11:01:38','2022-07-28 11:01:38',NULL),
(994,104,0,'03080301140509001','2022-07-28 11:01:38','2022-07-28 11:01:38',NULL),
(1004,104,0,'03080301140912001','2022-07-28 11:01:38','2022-07-28 11:01:38',NULL),
(1014,104,0,'03080301290480001','2022-07-28 11:01:38','2022-07-28 11:01:38',NULL),
(1024,104,0,'03080301250382001','2022-07-28 11:01:38','2022-07-28 11:01:38',NULL),
(1034,104,0,'03080301010207001','2022-07-28 11:01:38','2022-07-28 11:01:38',NULL),
(1044,104,0,'03080301111070001','2022-07-28 11:01:38','2022-07-28 11:01:38',NULL),
(1054,104,0,'03080301220277001','2022-07-28 11:01:38','2022-07-28 11:01:38',NULL),
(1064,104,0,'03080301170701001','2022-07-28 11:01:38','2022-07-28 11:01:38',NULL),
(1074,104,0,'03080301201283001','2022-07-28 11:01:38','2022-07-28 11:01:38',NULL),
(1084,104,0,'03080301120883001','2022-07-28 11:01:38','2022-07-28 11:01:38',NULL),
(1094,104,0,'03080301101109001','2022-07-28 11:01:38','2022-07-28 11:01:38',NULL),
(1104,104,0,'03080301010171001','2022-07-28 11:01:38','2022-07-28 11:01:38',NULL),
(1114,104,0,'03080301150572001','2022-07-28 11:01:38','2022-07-28 11:01:38',NULL),
(1124,104,0,'03080301030203001','2022-07-28 11:01:38','2022-07-28 11:01:38',NULL),
(1134,104,0,'03080301180807001','2022-07-28 11:01:38','2022-07-28 11:01:38',NULL),
(1144,104,0,'03080301091275001','2022-07-28 11:01:38','2022-07-28 11:01:38',NULL),
(1154,104,0,'03080301180380001','2022-07-28 11:01:38','2022-07-28 11:01:38',NULL),
(1164,104,0,'03080301130408001','2022-07-28 11:01:38','2022-07-28 11:01:38',NULL),
(1174,104,0,'03080301250701001','2022-07-28 11:01:38','2022-07-28 11:01:38',NULL),
(1184,104,0,'03080301300505001','2022-07-28 11:01:38','2022-07-28 11:01:38',NULL),
(1194,104,0,'03080301060279001','2022-07-28 11:01:38','2022-07-28 11:01:38',NULL),
(1204,104,0,'03080301121085001','2022-07-28 11:01:38','2022-07-28 11:01:38',NULL),
(1214,104,0,'03080301220874001','2022-07-28 11:01:38','2022-07-28 11:01:38',NULL),
(1224,104,0,'03080301170575001','2022-07-28 11:01:38','2022-07-28 11:01:38',NULL),
(1234,104,0,'03080301110800001','2022-07-28 11:01:38','2022-07-28 11:01:38',NULL),
(1244,104,0,'03080301290102001','2022-07-28 11:01:38','2022-07-28 11:01:38',NULL),
(1254,104,0,'03080301011100001','2022-07-28 11:01:38','2022-07-28 11:01:38',NULL),
(1264,104,0,'03080301070900001','2022-07-28 11:01:38','2022-07-28 11:01:38',NULL),
(1274,104,0,'03080301201291001','2022-07-28 11:01:38','2022-07-28 11:01:38',NULL),
(1284,104,0,'03080301250100001','2022-07-28 11:01:38','2022-07-28 11:01:38',NULL),
(1294,104,0,'03080301070590001','2022-07-28 11:01:38','2022-07-28 11:01:38',NULL),
(1304,104,0,'03080301010116001','2022-07-28 11:01:38','2022-07-28 11:01:38',NULL),
(1314,104,0,'03080301010301001','2022-07-28 11:01:38','2022-07-28 11:01:38',NULL),
(1324,104,0,'03080301270120001','2022-07-28 11:01:38','2022-07-28 11:01:38',NULL),
(1334,104,0,'03080301040522001','2022-07-28 11:01:38','2022-07-28 11:01:38',NULL),
(1344,104,0,'03080301180791001','2022-07-28 11:01:38','2022-07-28 11:01:38',NULL),
(1354,104,0,'03080301030500001','2022-07-28 11:01:38','2022-07-28 11:01:38',NULL),
(1364,104,0,'03080301030610001','2022-07-28 11:01:38','2022-07-28 11:01:38',NULL),
(1374,104,0,'03080301260422001','2022-07-28 11:01:38','2022-07-28 11:01:38',NULL),
(1384,104,0,'03080301160322001','2022-07-28 11:01:38','2022-07-28 11:01:38',NULL),
(1394,104,0,'03080301120599001','2022-07-28 11:01:38','2022-07-28 11:01:38',NULL),
(1404,104,0,'03080301100522001','2022-07-28 11:01:38','2022-07-28 11:01:38',NULL),
(1414,104,0,'03080301020222001','2022-07-28 11:01:38','2022-07-28 11:01:38',NULL),
(1424,104,0,'03080301011222001','2022-07-28 11:01:38','2022-07-28 11:01:38',NULL),
(1434,104,0,'03080301040522002','2022-07-28 11:01:38','2022-07-28 11:01:38',NULL),
(1444,104,0,'03080301100522002','2022-07-28 11:01:38','2022-07-28 11:01:38',NULL),
(1454,104,0,'03080301130600001','2022-07-28 11:01:38','2022-07-28 11:01:38',NULL),
(1464,104,0,'03080301290522001','2022-07-28 11:01:39','2022-07-28 11:01:39',NULL),
(1474,104,0,'03080301160200001','2022-07-28 11:01:39','2022-07-28 11:01:39',NULL),
(1484,104,0,'03080301160503001','2022-07-28 11:01:39','2022-07-28 11:01:39',NULL),
(1494,104,0,'03080301240622001','2022-07-28 11:01:39','2022-07-28 11:01:39',NULL),
(1504,104,0,'03080301040294001','2022-07-28 11:01:39','2022-07-28 11:01:39',NULL),
(1514,114,0,'03080301311275001','2022-07-30 15:12:13','2022-07-30 15:12:13',NULL),
(1524,114,0,'03080301311278001','2022-07-30 15:12:13','2022-07-30 15:12:13',NULL),
(1534,114,0,'03080301131000001','2022-07-30 15:12:13','2022-07-30 15:12:13',NULL),
(1544,114,0,'03080301140902001','2022-07-30 15:12:13','2022-07-30 15:12:13',NULL),
(1554,114,0,'03080301311280001','2022-07-30 15:12:13','2022-07-30 15:12:13',NULL),
(1564,114,0,'03080301160410001','2022-07-30 15:12:13','2022-07-30 15:12:13',NULL),
(1574,114,0,'03080301290480001','2022-07-30 15:12:13','2022-07-30 15:12:13',NULL),
(1584,114,0,'03080301250382001','2022-07-30 15:12:13','2022-07-30 15:12:13',NULL),
(1594,114,0,'03080301010207001','2022-07-30 15:12:13','2022-07-30 15:12:13',NULL),
(1604,114,0,'03080301111070001','2022-07-30 15:12:13','2022-07-30 15:12:13',NULL),
(1614,114,0,'03080301220277001','2022-07-30 15:12:13','2022-07-30 15:12:13',NULL),
(1624,114,0,'03080301170701001','2022-07-30 15:12:13','2022-07-30 15:12:13',NULL),
(1634,114,0,'03080301091275001','2022-07-30 15:12:13','2022-07-30 15:12:13',NULL),
(1644,114,0,'03080301180380001','2022-07-30 15:12:13','2022-07-30 15:12:13',NULL),
(1654,114,0,'03080301130408001','2022-07-30 15:12:13','2022-07-30 15:12:13',NULL),
(1664,114,0,'03080301250701001','2022-07-30 15:12:13','2022-07-30 15:12:13',NULL),
(1674,114,0,'03080301300505001','2022-07-30 15:12:13','2022-07-30 15:12:13',NULL),
(1684,114,0,'03080301060279001','2022-07-30 15:12:13','2022-07-30 15:12:13',NULL),
(1694,114,0,'03080301121085001','2022-07-30 15:12:13','2022-07-30 15:12:13',NULL),
(1704,114,0,'03080301220874001','2022-07-30 15:12:13','2022-07-30 15:12:13',NULL),
(1714,114,0,'03080301170575001','2022-07-30 15:12:13','2022-07-30 15:12:13',NULL),
(1724,114,0,'03080301110800001','2022-07-30 15:12:13','2022-07-30 15:12:13',NULL),
(1734,114,0,'03080301290102001','2022-07-30 15:12:14','2022-07-30 15:12:14',NULL),
(1744,114,0,'03080301011100001','2022-07-30 15:12:14','2022-07-30 15:12:14',NULL),
(1754,114,0,'03080301070900001','2022-07-30 15:12:14','2022-07-30 15:12:14',NULL),
(1764,114,0,'03080301040522001','2022-07-30 15:12:14','2022-07-30 15:12:14',NULL),
(1774,114,0,'03080301030500001','2022-07-30 15:12:14','2022-07-30 15:12:14',NULL),
(1784,114,0,'03080301260422001','2022-07-30 15:12:14','2022-07-30 15:12:14',NULL),
(1794,114,0,'03080301160322001','2022-07-30 15:12:14','2022-07-30 15:12:14',NULL),
(1804,114,0,'03080301120599001','2022-07-30 15:12:14','2022-07-30 15:12:14',NULL),
(1814,114,0,'03080301100522001','2022-07-30 15:12:14','2022-07-30 15:12:14',NULL),
(1824,114,0,'03080301040522002','2022-07-30 15:12:14','2022-07-30 15:12:14',NULL),
(1834,114,0,'03080301100522002','2022-07-30 15:12:14','2022-07-30 15:12:14',NULL),
(1844,114,0,'03080301130522001','2022-07-30 15:12:14','2022-07-30 15:12:14',NULL),
(1854,114,0,'03080301130600001','2022-07-30 15:12:14','2022-07-30 15:12:14',NULL),
(1864,114,0,'03080301300522001','2022-07-30 15:12:14','2022-07-30 15:12:14',NULL),
(1874,114,0,'03080301300522002','2022-07-30 15:12:14','2022-07-30 15:12:14',NULL),
(1884,114,0,'03080301300522003','2022-07-30 15:12:14','2022-07-30 15:12:14',NULL),
(1894,114,0,'03080301290522001','2022-07-30 15:12:14','2022-07-30 15:12:14',NULL),
(1904,114,0,'03080301160200001','2022-07-30 15:12:14','2022-07-30 15:12:14',NULL),
(1914,114,0,'03080301210622001','2022-07-30 15:12:14','2022-07-30 15:12:14',NULL),
(1924,114,0,'03080301240622001','2022-07-30 15:12:14','2022-07-30 15:12:14',NULL),
(1934,114,0,'03080301040294001','2022-07-30 15:12:14','2022-07-30 15:12:14',NULL),
(1944,114,0,'03080301311278002','2022-07-30 15:12:14','2022-07-30 15:12:14',NULL),
(1954,114,0,'03080301140780001','2022-07-30 15:12:14','2022-07-30 15:12:14',NULL),
(1964,114,0,'03080301140509001','2022-07-30 15:12:14','2022-07-30 15:12:14',NULL),
(1974,114,0,'03080301140912001','2022-07-30 15:12:14','2022-07-30 15:12:14',NULL),
(1984,114,0,'03080301201283001','2022-07-30 15:12:14','2022-07-30 15:12:14',NULL),
(1994,114,0,'03080301120883001','2022-07-30 15:12:14','2022-07-30 15:12:14',NULL),
(2004,114,0,'03080301101109001','2022-07-30 15:12:14','2022-07-30 15:12:14',NULL),
(2014,114,0,'03080301010171001','2022-07-30 15:12:14','2022-07-30 15:12:14',NULL),
(2024,114,0,'03080301150572001','2022-07-30 15:12:14','2022-07-30 15:12:14',NULL),
(2034,114,0,'03080301030203001','2022-07-30 15:12:15','2022-07-30 15:12:15',NULL),
(2044,114,0,'03080301180807001','2022-07-30 15:12:15','2022-07-30 15:12:15',NULL),
(2054,114,0,'03080301250100001','2022-07-30 15:12:15','2022-07-30 15:12:15',NULL),
(2064,114,0,'03080301270120001','2022-07-30 15:12:15','2022-07-30 15:12:15',NULL),
(2074,114,0,'03080301030610001','2022-07-30 15:12:15','2022-07-30 15:12:15',NULL),
(2084,114,0,'03080301011222001','2022-07-30 15:12:15','2022-07-30 15:12:15',NULL),
(2094,114,0,'03080301160503001','2022-07-30 15:12:15','2022-07-30 15:12:15',NULL),
(2104,114,0,'03080301201291001','2022-07-30 15:12:15','2022-07-30 15:12:15',NULL),
(2114,114,0,'03080301070590001','2022-07-30 15:12:15','2022-07-30 15:12:15',NULL),
(2124,114,0,'03080301010116001','2022-07-30 15:12:15','2022-07-30 15:12:15',NULL),
(2134,114,0,'03080301010301001','2022-07-30 15:12:15','2022-07-30 15:12:15',NULL),
(2144,114,0,'03080301180791001','2022-07-30 15:12:15','2022-07-30 15:12:15',NULL),
(2154,114,0,'03080301020222001','2022-07-30 15:12:15','2022-07-30 15:12:15',NULL),
(2164,124,1,'03080301311275001','2022-08-01 04:49:45','2022-08-04 02:35:17',NULL),
(2174,124,1,'03080301311278001','2022-08-01 04:49:45','2022-08-04 02:52:44',NULL),
(2184,124,0,'03080301131000001','2022-08-01 04:49:45','2022-08-01 04:49:45',NULL),
(2194,124,0,'03080301140902001','2022-08-01 04:49:46','2022-08-01 04:49:46',NULL),
(2204,124,0,'03080301311280001','2022-08-01 04:49:46','2022-08-01 04:49:46',NULL),
(2214,124,0,'03080301160410001','2022-08-01 04:49:46','2022-08-01 04:49:46',NULL),
(2224,124,0,'03080301290480001','2022-08-01 04:49:46','2022-08-01 04:49:46',NULL),
(2234,124,0,'03080301250382001','2022-08-01 04:49:46','2022-08-01 04:49:46',NULL),
(2244,124,0,'03080301010207001','2022-08-01 04:49:46','2022-08-01 04:49:46',NULL),
(2254,124,0,'03080301111070001','2022-08-01 04:49:46','2022-08-01 04:49:46',NULL),
(2264,124,0,'03080301220277001','2022-08-01 04:49:46','2022-08-01 04:49:46',NULL),
(2274,124,0,'03080301170701001','2022-08-01 04:49:46','2022-08-01 04:49:46',NULL),
(2284,124,0,'03080301091275001','2022-08-01 04:49:46','2022-08-01 04:49:46',NULL),
(2294,124,0,'03080301180380001','2022-08-01 04:49:46','2022-08-01 04:49:46',NULL),
(2304,124,0,'03080301130408001','2022-08-01 04:49:46','2022-08-01 04:49:46',NULL),
(2314,124,0,'03080301250701001','2022-08-01 04:49:46','2022-08-01 04:49:46',NULL),
(2324,124,0,'03080301300505001','2022-08-01 04:49:46','2022-08-01 04:49:46',NULL),
(2334,124,0,'03080301060279001','2022-08-01 04:49:46','2022-08-01 04:49:46',NULL),
(2344,124,0,'03080301121085001','2022-08-01 04:49:46','2022-08-01 04:49:46',NULL),
(2354,124,0,'03080301220874001','2022-08-01 04:49:46','2022-08-01 04:49:46',NULL),
(2364,124,0,'03080301170575001','2022-08-01 04:49:46','2022-08-01 04:49:46',NULL),
(2374,124,0,'03080301110800001','2022-08-01 04:49:46','2022-08-01 04:49:46',NULL),
(2384,124,0,'03080301290102001','2022-08-01 04:49:46','2022-08-01 04:49:46',NULL),
(2394,124,0,'03080301011100001','2022-08-01 04:49:46','2022-08-01 04:49:46',NULL),
(2404,124,0,'03080301070900001','2022-08-01 04:49:46','2022-08-01 04:49:46',NULL),
(2414,124,0,'03080301040522001','2022-08-01 04:49:46','2022-08-01 04:49:46',NULL),
(2424,124,0,'03080301030500001','2022-08-01 04:49:46','2022-08-01 04:49:46',NULL),
(2434,124,0,'03080301260422001','2022-08-01 04:49:46','2022-08-01 04:49:46',NULL),
(2444,124,0,'03080301160322001','2022-08-01 04:49:46','2022-08-01 04:49:46',NULL),
(2454,124,0,'03080301120599001','2022-08-01 04:49:46','2022-08-01 04:49:46',NULL),
(2464,124,0,'03080301100522001','2022-08-01 04:49:46','2022-08-01 04:49:46',NULL),
(2474,124,0,'03080301040522002','2022-08-01 04:49:46','2022-08-01 04:49:46',NULL),
(2484,124,0,'03080301100522002','2022-08-01 04:49:46','2022-08-01 04:49:46',NULL),
(2494,124,0,'03080301130600001','2022-08-01 04:49:46','2022-08-01 04:49:46',NULL),
(2504,124,0,'03080301290522001','2022-08-01 04:49:46','2022-08-01 04:49:46',NULL),
(2514,124,0,'03080301160200001','2022-08-01 04:49:46','2022-08-01 04:49:46',NULL),
(2524,124,0,'03080301240622001','2022-08-01 04:49:46','2022-08-01 04:49:46',NULL),
(2534,124,0,'03080301040294001','2022-08-01 04:49:46','2022-08-01 04:49:46',NULL);

/*Table structure for table `tb_m_kegiatan` */

DROP TABLE IF EXISTS `tb_m_kegiatan`;

CREATE TABLE `tb_m_kegiatan` (
  `id` int(11) unsigned NOT NULL AUTO_INCREMENT,
  `nama_kegiatan` varchar(160) DEFAULT NULL,
  `keterangan` text,
  `created_at` datetime DEFAULT NULL,
  `deleted_at` datetime DEFAULT NULL,
  `updated_at` datetime DEFAULT NULL,
  PRIMARY KEY (`id`)
) ENGINE=InnoDB AUTO_INCREMENT=84 DEFAULT CHARSET=utf8mb4;

/*Data for the table `tb_m_kegiatan` */

insert  into `tb_m_kegiatan`(`id`,`nama_kegiatan`,`keterangan`,`created_at`,`deleted_at`,`updated_at`) values 
(1,'Kegiatan 1','Keterangan kegiatan misalnya','2022-06-22 10:05:14',NULL,'2022-06-22 10:05:14'),
(2,'test api kegiatan 1','keterangan test 1','2022-06-30 20:19:46',NULL,'2022-07-27 02:04:31'),
(3,'test edit','test','2022-06-30 20:23:37',NULL,'2022-06-30 20:32:54'),
(4,'nyangkep','kegiatan nyangkep','2022-07-13 09:03:47',NULL,'2022-07-13 09:03:47'),
(14,'matektekan','kegiatan matektekan','2022-07-14 03:56:58',NULL,'2022-07-14 03:56:58'),
(24,'kegiatan matektekan(edited)','kegiatan matektekan sudah di edit lagi','2022-07-15 06:39:48',NULL,'2022-07-23 09:24:46'),
(34,'nyiram','nyiram','2022-07-23 09:24:32',NULL,'2022-07-26 10:20:39'),
(44,'ngaben edit','edit ngaben','2022-07-26 09:47:47',NULL,'2022-07-26 10:20:55'),
(54,'kegiatan nyiram','keterangan kegiatan nyiram','2022-07-26 10:23:16',NULL,'2022-07-26 10:23:16'),
(64,'test juli 27','yak','2022-07-27 03:30:25',NULL,'2022-07-27 03:30:25'),
(74,'kegiatan nyangkep juli','nyangkep juli','2022-07-27 05:15:49',NULL,'2022-07-27 05:15:49');

/*Table structure for table `tb_presensi` */

DROP TABLE IF EXISTS `tb_presensi`;

CREATE TABLE `tb_presensi` (
  `id` bigint(20) unsigned NOT NULL AUTO_INCREMENT,
  `kegiatan_id` int(10) unsigned DEFAULT NULL,
  `nama_presensi` varchar(70) DEFAULT NULL,
  `keterangan` text,
  `kode_presensi` varchar(6) DEFAULT NULL,
  `tgl_open` datetime DEFAULT NULL,
  `tgl_close` datetime DEFAULT NULL,
  `is_open` tinyint(1) DEFAULT '0',
  `created_at` datetime DEFAULT NULL,
  `deleted_at` datetime DEFAULT NULL,
  `updated_at` datetime DEFAULT NULL,
  PRIMARY KEY (`id`),
  KEY `kegiatan_id` (`kegiatan_id`),
  CONSTRAINT `tb_presensi_ibfk_1` FOREIGN KEY (`kegiatan_id`) REFERENCES `tb_m_kegiatan` (`id`)
) ENGINE=InnoDB AUTO_INCREMENT=134 DEFAULT CHARSET=utf8mb4;

/*Data for the table `tb_presensi` */

insert  into `tb_presensi`(`id`,`kegiatan_id`,`nama_presensi`,`keterangan`,`kode_presensi`,`tgl_open`,`tgl_close`,`is_open`,`created_at`,`deleted_at`,`updated_at`) values 
(8,1,'test krama','test','123456','2022-07-03 22:00:00','2022-07-03 00:00:00',0,'2022-07-03 09:38:42',NULL,'2022-07-28 10:30:09'),
(9,1,'test with waktu','keterangan misalnya','123455','2022-07-03 22:00:00','2022-07-05 20:00:00',0,'2022-07-03 10:55:29',NULL,'2022-07-03 10:55:29'),
(14,4,'presensi kegiatan nyangkep','nyangkep banjar','nykp02','2022-07-13 17:33:00','2022-07-14 17:33:00',0,'2022-07-13 09:33:04',NULL,'2022-07-26 05:19:27'),
(24,24,'presensi kegiatan matektekan','presensi matektekan','tst','2022-07-15 14:00:00','2022-07-15 22:56:00',0,'2022-07-15 06:44:56',NULL,'2022-07-19 11:48:15'),
(34,4,'nyangkep Selasa','kegiatan nyangkep hari selasa','nykp03','2022-07-26 06:00:00','2022-07-26 08:30:00',0,'2022-07-26 05:19:15',NULL,'2022-07-26 05:30:27'),
(44,34,'Nyiram Selasa','kegiatan nyiram Krama selasa','nyrm01','2022-07-26 06:00:00','2022-07-26 10:00:00',0,'2022-07-26 05:20:28',NULL,'2022-07-26 09:48:25'),
(54,34,'presensi Nyiram','kegiatan nyiram krama','nyrm02','2022-07-26 08:00:00','2022-07-26 12:00:00',0,'2022-07-26 09:50:33',NULL,'2022-07-26 10:17:26'),
(64,54,'presensi kegiatan nyiram','kegiatan nyiram di Banjar adat','nyrm03','2022-07-26 12:00:00','2022-07-26 15:30:00',0,'2022-07-26 10:27:16',NULL,'2022-07-27 02:03:10'),
(74,1,'test presensi 133','testing testing','tst133','2022-07-26 12:00:00','2022-07-26 12:30:00',0,'2022-07-26 11:11:37',NULL,'2022-07-27 03:57:17'),
(84,74,'presensi nyangkep Juli','kegiatan presensi nyangkep juli','nykp04','2022-07-27 10:00:00','2022-07-27 16:02:00',0,'2022-07-27 05:19:20',NULL,'2022-07-28 10:30:11'),
(104,1,'Test','skskdjsks','kodemi','2022-07-27 12:00:00','2022-07-29 12:30:00',0,'2022-07-28 11:01:38',NULL,'2022-07-28 11:01:38'),
(114,1,'alala','tst','alalal','2022-07-30 00:00:00','2022-07-30 00:00:00',0,'2022-07-30 15:12:13',NULL,'2022-07-30 15:12:13'),
(124,34,'test nyiram baru','nyiram test baru','nyrm04','2022-08-01 10:00:00','2022-08-01 19:00:00',1,'2022-08-01 04:49:45',NULL,'2022-08-01 04:50:01');

/*!40101 SET SQL_MODE=@OLD_SQL_MODE */;
/*!40014 SET FOREIGN_KEY_CHECKS=@OLD_FOREIGN_KEY_CHECKS */;
/*!40014 SET UNIQUE_CHECKS=@OLD_UNIQUE_CHECKS */;
/*!40111 SET SQL_NOTES=@OLD_SQL_NOTES */;
